Bow,"['cung', '弓', 'cúi', 'khom', 'cúi chào', 'nơ', 'vòm', 'cái cung', 'nơ con bướm', 'quỳ', 'bái', 'khòm', 'vĩ', 'chịu khuất phục', 'cái nơ', 'cái nơ con bướm', 'cánh cung', 'cúi mình', 'cúi đầu', 'cần lấy điện', 'cầu vồng', 'cốt yên ngựa', 'khòm lưng quỳ gối', 'luồn cúi', 'nhượng bộ', 'sự chào', 'sự cúi chào', 'sự cúi đầu', 'đầu hàng', 'Cung', 'cúc', 'khâm phục']"
Palace Ao Dai Than,['cannot found']
Cung Quang,['cannot found']
Cung Que crosses ocean,['cannot found']
Thiem Palace,['cannot found']
Just Ho,['cannot found']
Glottis,"['thanh môn', '聲門']"
Gate of Sai,['cannot found']
Riding crane to Yangzhou,['cannot found']
Ride dragon,['cannot found']
Normal,"['bình thường', 'thông thường', 'thường', 'chuẩn tác', 'dung dịch đương lượng', 'lượng trung bình', 'mức bình thường', 'pháp tuyến', 'thân nhiệt bình thường', 'tiêu chuẩn', 'trực giao', 'tình trạng bình thường']"
Demons,['cannot found']
Nine Peaks,['cannot found']
Jiujiang,['Cửu Giang']
Nine scriptures,['cannot found']
Cuu Linh,['cannot found']
Cuu Nguyen,['cannot found']
Jiuquan,['Tửu Tuyền']
Sheep of Fifth family,['cannot found']
Little Guy,['cannot found']
King,"['Đức vua', 'cua', 'hoàng', 'quân tướng', '國王', '王', 'hoàng đế', 'làm như vua', 'làm ra vẻ vua', 'làm vua', 'nhà vua', 'quân vương', 'thánh thượng', 'trị vì', 'tôn lên làm vua', 'đế vương', 'Vua']"
Mist,"['sương mù', 'màn', 'che mờ', 'màn che', 'mù sương']"
Chasing Van Mong,['cannot found']
Spread wings and branches,['cannot found']
Chan Vu,['cannot found']
Chorus 9 songs,['cannot found']
Chow Chow,['cannot found']
Chau Le,['cannot found']
Chau Tran,['cannot found']
Snake Slash,['cannot found']
Hong Mon wine cup,['cannot found']
Lady Che Thang,['cannot found']
Expenses,"['chi phí', 'kinh phí', 'lệ phí', 'phí tổn', 'caùc phí toån, chi phí', 'phí']"
Only pink,['cannot found']
Only far south,['cannot found']
Ms. Hang,['cannot found']
Support (Mountain),['cannot found']
Pacemaker,"['máy điều hoà nhịp tim', 'ngöôøi daãn ñaàu, maùy ñieàu hoøa nhòp tim']"
Chieu Bach (Mountain),['cannot found']
Vietnamese birds perched on Southern branches,['cannot found']
Blue bird,['cannot found']
Nine letters,['cannot found']
Nine heavens,['cannot found']
Chicken dog Qi guests,['cannot found']
Chu,['Sở']
Chu Bo,['cannot found']
Zhou Gong,['cannot found']
General shutter,['cannot found']
Uncle Lang's Mace,['cannot found']
West camp story,['cannot found']
bloodshed,"['đổ máu', 'sự chém giết', 'sự đổ máu', 'cuộc đổ máu', 'giết chóc', 'thảm sát', 'tàn sát']"
word Dong Tu,['cannot found']
Female officers,['cannot found']
Chuong Duong,['cannot found']
Radio station,['cannot found']
Field of copper,['cannot found']
For left side,['cannot found']
Knife maintenance,['cannot found']
Di An layman,['cannot found']
Dien Linh,['cannot found']
Do Me,['cannot found']
Do Vu,['cannot found']
Doan Nham,['cannot found']
Sentence line,['cannot found']
Du (tank door),['cannot found']
Travel,"['du lịch', 'du hành', 'đi', 'chạy', 'chuyển động', 'cuộc du hành', 'di động', 'lữ hành', 'sự đi du lịch', 'tuân lệnh', 'tùy tòng', 'đi chào hàng', 'đi du lịch', 'đi mời hàng', 'đi theo', 'đi đường', 'đưa đi xa', 'đường chạy', 'du', 'hàng', 'sự đi lại']"
East lust,['cannot found']
Desire water,['cannot found']
Duong Chu,['cannot found']
Duy Han,['cannot found']
Iron charm,['cannot found']
Duyen Dang wind brought,['cannot found']
Duyen Ngoc Tieu,['cannot found']
Concession,"['sự nhượng bộ', 'nhượng địa', 'sự nhường', 'sự nhượng', 'tô giới', 'đất nhượng', 'đồn điền']"
Duc Thuy Son,['cannot found']
Raising Han flag,['cannot found']
Duong Cong,['cannot found']
Duong Chan,['cannot found']
Yangtai,['cannot found']
Duong Huan,['cannot found']
Duong Nghiep,['cannot found']
Duong Quy Phi,['cannot found']
Duong To,['cannot found']
"Duong Thanh, HSai",['cannot found']
Dai Tu Lo,['cannot found']
"Dai Than, Dong Trieu",['cannot found']
Dirty talk,['cannot found']
Dan Thai (tank door),['cannot found']
Dan Khe,['cannot found']
Party,"['đảng', 'tiệc', 'nhóm', '政黨', '黨', 'chánh đảng', 'bên', 'phe', 'buổi tiệc', 'bè', 'bè đảng', 'bữa tiệc', 'phái', 'tiệc tùng', 'đảng phái', 'đoàn', 'cuộc', 'đội', 'toán', 'tay', 'buổi liên hoan', 'người tham dự', 'người tham gia', 'những người cùng đi', 'phe đảng', 'đảng bộ']"
Dao Cong,['cannot found']
That peach has to pay this plum,['cannot found']
Dao Khan,['cannot found']
Digging orders,['cannot found']
Digging,"['mỏ', 'mỏ vàng', 'sự bới', 'sự cuốc', 'sự nghiên cứu', 'sự tìm tòi', 'sự xới', 'sự đào']"
Dao Tien,['cannot found']
Dao Thi,['cannot found']
Old Dao Kim Lien,['cannot found']
Thief,"['kẻ cắp', 'kẻ trộm', 'tên trộm', 'xoáy', 'chú thích', 'lấy trộm', 'ăn trộm', 'đánh cắp', 'đạo chích']"
Dat Ma,['cannot found']
Bottom,"['đáy', 'đít', 'cuối', 'thấp nhất', 'dưới', 'tàu', 'mặt', 'khu', 'bản chất', 'bụng tàu', 'chạm đáy', 'cuối cùng', 'căn bản', 'căn cứ vào', 'cơ sở', 'dựa trên', 'làm đáy', 'mò xuống tận đáy;', 'ngọn nguồn', 'phần dưới cùng', 'sức chịu đựng', 'sức dai', 'đóng mặt', 'mông', 'mông đít']"
bottom of stairs well,['cannot found']
Teng Wang of letters,['cannot found']
Dang Du,['cannot found']
Dang Dung,['cannot found']
Dang Thong,['cannot found']
Set grass,['cannot found']
Put fire under firewood,['cannot found']
Dam Loc loves Ngu Thuan,['cannot found']
Trundle,"['lăn', 'bánh xe nhỏ', 'đẩy', 'làm cho lăn', 'truckle-bed', 'xe tải bánh thấp']"
Deer crush,['cannot found']
Emperor Likes,['cannot found']
Night of drinking in tent,['cannot found']
Bac Hau Temple,['cannot found']
Temple of Phong,['cannot found']
Dien Du,['cannot found']
Hunting for good people,['cannot found']
Dien Dan,['cannot found']
Sculpture,"['điêu khắc', 'tác phẩm điêu khắc', 'tượng', 'chạm trổ', 'công trình điêu khắc', 'là nhà điêu khắc', 'thuật chạm trổ', 'thuật điêu khắc', 'khắc', 'nghệ thuật điêu khắc']"
Fisheye,['cannot found']
Relief crew,['cannot found']
Flower dance,['cannot found']
Peak Armor,['cannot found']
Tram Huong Communal House,['cannot found']
Flowers,['cannot found']
Doan Ngo,['cannot found']
Cigarettes,['cannot found']
Men's clothes,['cannot found']
Do Lang,['cannot found']
Do Muc,['cannot found']
Do Nhuan,['cannot found']
Do Quyen,['cannot found']
Pouring wine into river as soldier,['cannot found']
Do Vu,['cannot found']
Don Di,['cannot found']
Dong Chu,['cannot found']
Dong Lang,['cannot found']
Dong ready,['cannot found']
Bao Giam Oriental Medicine,['cannot found']
An unknown pile of bones,['cannot found']
Dong Ho,['cannot found']
Dong Trac,['cannot found']
Dongguan,['Đông Hoản']
Bronze Stripper,['cannot found']
Dong Thuong is waterproof,['cannot found']
Dinh Ho Cave,['cannot found']
Dao Cave,['cannot found']
Dynamic lock wind source,['cannot found']
Burning horns of Pangolin,['cannot found']
Single Cinnamon,['cannot found']
Deer chase,['cannot found']
Street,"['phố', 'đường', 'đường phố', 'con đường', 'lộ', 'hàng phố', 'phố phường', 'đạo']"
corridor,"['hành lang', 'đường hành lang', 'lang', 'địa chất) hành lang']"
swallows,['cannot found']
King's Gate,['cannot found']
Butterfly dream,['cannot found']
Face Drawing Line,['cannot found']
Bear Vu Uyen,['cannot found']
Grounding stick,['cannot found']
Packed in horse skin,['cannot found']
Unicorn God,['cannot found']
Root Death,['cannot found']
Pillow hoes call,['cannot found']
Fairy pillow,['cannot found']
Handan Pillow,['cannot found']
(Was) washing hair (then) styling hair,['cannot found']
Send tomorrow,['cannot found']
Mirror glass,['cannot found']
Russian Mirror,['cannot found']
Broken mirror heals,['cannot found']
Willow grafting,['cannot found']
Rainy female wind,['cannot found']
MDuong mountain wind,['cannot found']
Pearls,['ngọc trai']
Thai Ghenh,['cannot found']
Zhuge Liang,['cannot found']
Kingdom of Qi - 3 times to challenge king,['cannot found']
Jiang Han,['cannot found']
Christmas Phi Phi ancient jade,['cannot found']
Jiao Tzu gets jade,['cannot found']
Gametes,['cannot found']
"Enemy, Binh",['cannot found']
Dreams,['phiên âm']
Tomorrow's dream,['cannot found']
Deer dream,['cannot found']
Qin's Dream,['cannot found']
Southern Dream,['cannot found']
Paper dew,['cannot found']
Peach Paper,['cannot found']
sow,"['gieo', 'lợn cái', 'rãnh', 'sowbug', 'con lợn nái', 'sạ', 'lợn nái', 'nái sề', 'trồng', 'gieo hạt', 'gieo rắc', 'động vật học) cá mù làn']"
Chrysanthemum well,['cannot found']
Pink drops,['cannot found']
Ice Rose,['cannot found']
Drops of Soy Sauce,['cannot found']
HDo Lac Thu,['cannot found']
HHo(Pool Gate),['cannot found']
Summer,"['mùa hè', 'mùa hạ', 'hạ', 'hè', '夏', '務夏', 'xuân xanh', 'hẹ', 'tuổi', 'chiêm', 'chăn', 'mùa hẹ', 'đi nghỉ hè', 'đi nghỉ mát']"
HCo,['cannot found']
HSai,['cannot found']
XiChen,['cannot found']
HVu,['cannot found']
Twenty-four herbs,['cannot found']
Hai Trieu,['cannot found']
Ham Ly Long,['cannot found']
Lion's Jaw,['cannot found']
Ham Tu Quan,['cannot found']
Han,"['người Hán', '漢族', '漢朝', 'Hán triều', 'Hán tộc', 'nhà Hán']"
Han Cao To,['cannot found']
Han Giang,['cannot found']
Han Du,['cannot found']
Han Heng,['cannot found']
Han Fei,['cannot found']
Han Sinh is boiled,['cannot found']
Han Son,['cannot found']
Han Tin,['cannot found']
Real Korean,['cannot found']
empty cave still has sound of footsteps,['cannot found']
Martial Grade,['cannot found']
Hanh Nguon (Hanh Nguyen),['cannot found']
Chang'e,['Hằng Nga']
Ham Nhu,['cannot found']
Green pharynx,['cannot found']
Behind-the-scenes,['cannot found']
far back welcomes sage,['cannot found']
See you at door of strawberry garden,['cannot found']
Lucky pig,['cannot found']
Hi Di Immortal,['cannot found']
verandah,"['hiên', 'hè', 'hành lang', 'hàng hiên']"
first filial piety,['cannot found']
Deer Figure,['cannot found']
Dao family is lucky,['cannot found']
Family Dao Prime Minister Son Trung,['cannot found']
Dang died of starvation,['cannot found']
Vuong family teaches Fen Ha,['cannot found']
Lilac flowers,['cannot found']
Flower Cai,['cannot found']
HoDuong hermit,['cannot found']
HoDam Torch of Wisdom,['cannot found']
Last year's peach blossom still laughed in east wind,['cannot found']
Sugar flowers,['cannot found']
HoHam,['cannot found']
Red dahliin front of white jade house,['cannot found']
Horoscope flowers on Phoenix pond,['cannot found']
Sky flowers fly down,['cannot found']
Pediatric chemistry,['cannot found']
Painted Son,['cannot found']
"Turn into silver ape, sand worm",['cannot found']
Hoang Can,['cannot found']
Hoang Hoa,['cannot found']
Dream of Hoang Luong,['cannot found']
Hoang Sao,['cannot found']
Past illness,['cannot found']
Hoang Canh,['cannot found']
Learn 5 cars,['cannot found']
Tiger Head General,['cannot found']
Tiger They Cui,['cannot found']
Ho Cong,['cannot found']
Ho Cong Dong,['cannot found']
Ho Duong dreamed of Song Cong,['cannot found']
Dream message,['cannot found']
Spirit Lake,['cannot found']
Most Vietnamese Ho,['cannot found']
Hoi Khanh,['cannot found']
Wind and Cloud Society,['cannot found']
Guild of dragons,['cannot found']
Tomorrow's soul,['cannot found']
Hong Duong,['cannot found']
Hong Phat,['cannot found']
Pick up Doan's last name,['cannot found']
Main steam,['cannot found']
Slightly copper,['cannot found']
Ho Chi Minh City back,['cannot found']
Hue Kha,['cannot found']
Huiyuan,['Huệ Viễn']
Sugar cane,['cannot found']
Huyen Ho firstborn,['cannot found']
Description,"['sự mô tả', 'loại', 'sự tả', 'tả', 'hạng', 'công tác', 'diện mạo', 'hình dạng', 'mô tả', 'nghề nghiệp', 'sự diễn tả', 'sự miêu tả', 'sự vạch', 'sự vẽ', 'tướng mạo', 'kiểu']"
Promise Letters,['cannot found']
Promise Do,['cannot found']
Huan Ton,['cannot found']
HuTuan,['cannot found']
Qin Deer,['cannot found']
Friendship and unfilial piety,['cannot found']
Hy Chi,['cannot found']
Hy Di,['cannot found']
German benefits,['cannot found']
useful have 3,['cannot found']
Tan of Qin people,['cannot found']
Horse cocoon,['cannot found']
Glue,"['keo', 'hồ', 'cồn', 'dán', 'dính', 'gắn', 'kéo', 'cao', 'bám chặt lấy', 'dán bằng hồ', 'dán bằng keo', 'dán vào', 'gắn lại', 'hồ dán', 'hồ || dán', 'keo hồ', 'kẹo']"
Ke Khang,['cannot found']
Quang Lang song,['cannot found']
Ke Thieu,['cannot found']
End of grass with rims,['cannot found']
Long-lasting,"['bền', 'lâu dài']"
Sue horn will,['cannot found']
Hot soup blows cold vegetables,['cannot found']
Kiet Tru,['cannot found']
Kieu Tung,['cannot found']
Kieu's death,['cannot found']
Needle,"['kim', 'cây kim', 'lá kim', 'châm', 'khâu', 'cái kim la bàn', 'khích', 'kim khâu', 'nhể', 'châm chọc', 'chọc tức', 'chỏm núi nhọn', 'cái kim', 'cột hình tháp nhọn', 'kết tinh thành kim', 'len lỏi qua', 'lách qua', 'tinh thể hình kim', 'đáy biển mò kim', 'kim đan']"
"Kim Au, HoNhai",['cannot found']
Kim Mon,['cannot found']
Kim o,['cannot found']
Needle snail,['cannot found']
Golden Wind,['cannot found']
Treasures,['cannot found']
Kinh Chau,['cannot found']
Kinh Lan,['cannot found']
Dear Germany,['cannot found']
Ky Tin,['cannot found']
Ky Ton,['cannot found']
Ky L(tank door),['cannot found']
Ky Son,['cannot found']
Ky Tieu,['cannot found']
Ky Vien,['cannot found']
Khai Chi,['cannot found']
Khanh Ky,['cannot found']
Khe Tao scooped up water,['cannot found']
Niu Dau village gas,['cannot found']
Khiet Dan,['cannot found']
Crying bowstring,['cannot found']
Crying Lan,['cannot found']
Crying bamboo shoots,['cannot found']
collection is three,['cannot found']
Smoke of war,['cannot found']
Revival,"['hồi sinh', 'sự hồi sinh', 'sự làm sống lại', 'sự phục hưng', 'sự phục hồi', 'sự khôi phục lại']"
Love block,['cannot found']
No team in same sky,['cannot found']
Khong Minh,['cannot found']
Confucius,"['Khổng Tử', 'Khổng Phu Tử', '孔夫子', '孔子']"
Qu Nguyen,['cannot found']
Crane song,['cannot found']
Khuc Giang Cong,['cannot found']
Khuc Nam Huan,['cannot found']
Phuong Hoang Bridge,['cannot found']
song is pure,['cannot found']
Admiration,"['sự khâm phục', 'sự ngưỡng mộ', 'khâm phục', 'người được ca tụng', 'người được hâm mộ', 'người được khâm phục', 'sự ca tụng', 'sự cảm phục', 'sự cảm thán', 'sự hâm mộ', 'sự lấy làm lạ', 'sự ngạc nhiên', 'sự thán phục', 'vật được ca tụng', 'vật được hâm mô']"
Khuong Tu Nha,['cannot found']
Quiet,"['yên tĩnh', 'yên lặng', '安靜', 'lặng', 'yên', 'im', 'an tịnh', 'im lặng', 'lẳng lặng', 'thanh thản', 'âm thầm', 'êm ả', 'nhã', 'stick', 'bình lặng', 'bình thản', 'im lìm', 'im ả', 'không hình thức', 'kín đáo', 'lanh lẹ', 'làm dịu', 'làm nín', 'làm êm', 'lắng xuống', 'lặng lẽ', 'phẳng lặng', 'sự thanh bình', 'sự thanh thản', 'sự yên lặng', 'sự yên tĩnh', 'sự yên ổn', 'sự êm ả', 'thanh bình', 'thái bình', 'thầm kín', 'trầm lặng', 'trở lại yên tĩnh', 'tịch liêu', 'vỗ về', 'yên ổn', 'êm ắng', 'đơn giản', 'an', 'yên ả', 'yên ắng']"
LBo Vi,['cannot found']
Road to practice exam,['cannot found']
LHau (Lu Hau),['cannot found']
LThuong,['cannot found']
LVong,['cannot found']
Lac Pho,['cannot found']
Lai Tzu,['cannot found']
Lam Dien,['cannot found']
Lam Kieu,['cannot found']
Lam Son,['cannot found']
Lam Thuy,['cannot found']
Lan family,['cannot found']
Red leaves,['cannot found']
Old Army,['cannot found']
Lao Tzu,['cannot found']
Rolling stones,['cannot found']
Mausoleum,"['lăng mộ', 'lăng', 'lăng tẩm']"
Lam Tich,['cannot found']
Lan Phung,['cannot found']
Hoang Chau Bamboo Floor,['cannot found']
Le Hoang Duc,['cannot found']
Le Khoi,['cannot found']
Command Language,['cannot found']
Integrity,"['chính trực', 'tình trạng nguyên vẹn', 'tình trạng toàn vẹn', 'tính chính trực', 'tính liêm chính', 'tính nguyên', 'tính toàn bộ', 'tính toàn vẹn', 'sự liêm chính', 'toàn vẹn', 'trung thực']"
Willow Chi,['cannot found']
Liu Zhangtai,['cannot found']
Lieu Ky Khanh,['cannot found']
Willow leaves,['cannot found']
Lieu Nhu,['cannot found']
Lieu Nghi,['cannot found']
Lieu Thi,['cannot found']
Lieu Tri,['cannot found']
Lieu Vinh,['cannot found']
Linh Dai,['cannot found']
Linh Phung meets Ngo Dong,['cannot found']
Spirit Army,['cannot found']
Linh Son,['cannot found']
Long team,['cannot found']
Long Do,['cannot found']
Long Do,['cannot found']
Long Quang move,['cannot found']
Lo Bo Van,['cannot found']
Lu Trong Lien,['cannot found']
Long Ngoc,['cannot found']
Dog costume,['cannot found']
Fundraising Words,['cannot found']
Sewing Pig,['cannot found']
Six sets of,['cannot found']
Luc Chau,['cannot found']
Sixthly,['sáu là']
Luc Kinh,['cannot found']
Luc Lam,['cannot found']
"Luc Nham, Luc Giap",['cannot found']
"Army, Death Item",['cannot found']
Luc Thong,['cannot found']
Luc Thuy,['cannot found']
Lung Thuy,['cannot found']
"Lu, Lac",['cannot found']
Circuit board,['cannot found']
"Lu Phung Tien, Dieu Boat",['cannot found']
Con Son Fire,['cannot found']
Predestination,"['số phận', 'sự tiền định', 'vận mệnh', 'định mạng', 'định mệnh']"
Fire burning room,['cannot found']
Qin Fire in Rank,['cannot found']
Luong Giang,['cannot found']
Luong Cong,['cannot found']
Luong Ngoc,['cannot found']
Emperor Luong,['cannot found']
Luong Kien (mountain),['cannot found']
Binational Poinsettias,['cannot found']
Save Bridge,['cannot found']
"Liu Kun, To Di",['cannot found']
Liu Gong,['cannot found']
Liu Yu,['cannot found']
Luu Linh,['cannot found']
"Luu Than, Nguyen Trieu",['cannot found']
Liu Wushuang,['cannot found']
Ly Anh,['cannot found']
Of transparency,['cannot found']
Ly Che,['cannot found']
Ly Ha,['cannot found']
Ly Lang,['cannot found']
Ly Nhi,['cannot found']
Ly Ong Trong,['cannot found']
Ly Quan,['cannot found']
Ly Tinh,['cannot found']
Ly Uyen,['cannot found']
Code Dung,['cannot found']
MDuong,['cannot found']
Quantity Code,['cannot found']
Mac Dinh Chi,['cannot found']
Mac Gia,['cannot found']
Analog circuit,['cannot found']
Translated tomorrow,['cannot found']
Forever God,['cannot found']
Man Dinh,['cannot found']
Bring sword to guild,['cannot found']
Bring Shelves,['cannot found']
Manh Duc,['cannot found']
Manh sage can also bear voice of Tang Shang,['cannot found']
Manh Phu,['cannot found']
Manh Tan branch,['cannot found']
Manh Tong,['cannot found']
Meng Changjun,['cannot found']
Mo Duong,['cannot found']
Mo Di,['cannot found']
Blue eyes,['cannot found']
Magic spells,['cannot found']
Lost hammer,['cannot found']
Clouds Hang,['cannot found']
Silver clouds,['cannot found']
Raining clouds,['cannot found']
Mi LGiang,['cannot found']
Red beak,['cannot found']
Main Butt,['cannot found']
Mong Kha,['cannot found']
Dream Moon,['cannot found']
Mong Tuan,['cannot found']
One drying ten cold,['cannot found']
Open fence,['cannot found']
Scent of regal,['cannot found']
Rabbits bow and birds,['cannot found']
Nai HKieu,['cannot found']
southern Ocean,['cannot found']
Nam Lau,['cannot found']
Lady Ban,['cannot found']
Lady Rose,['cannot found']
Strong Woman,['cannot found']
Miss Oanh,['cannot found']
Five parents,['cannot found']
Five Lakes,['cannot found']
Five horses wading Nam River,['cannot found']
Lying down,['cannot found']
Summer sun makes it rain,['cannot found']
Tasting honey lying thorns,['cannot found']
Ning Likes,['cannot found']
Meaning in human,['cannot found']
Non Dao,['cannot found']
Concatenation,"['[sự', 'dãy ghép', 'phép móc nối', 'phép nối chuỗi', 'phép] ghép', 'sự móc vào nhau', 'sự nối vào nhau', 'sự trùng hợp', 'sự trùng khớp', 'xích chuỗi']"
Floating Army Xia,['cannot found']
Inner scriptures,['cannot found']
Smile of thousand gold,['cannot found']
Three words mountain,['cannot found']
"Peaceful water makes wisdom, evil country makes fools",['cannot found']
Ocean Water,['cannot found']
Country,"['nước', 'quốc gia', 'quê hương', 'tổ quốc', 'đất nước', 'tỉnn', 'nông thôn', 'quốc', 'nhân dân', 'xứ', 'đồng quê', '國家', 'miền', 'miền quê', 'xứ sở', 'địa hạt', 'cõi', 'bờ cõi', 'dân chúng', 'giang sơn', 'lĩnh vực', 'nhà quê', 'núi sông', 'sông núi', 'sơn hà', 'số ít nông thôn', 'số ít vùng', 'thôn dã', 'nhà nước']"
Date in election,['cannot found']
Sophisticated silver sea,['cannot found']
Crouching Dragon,['cannot found']
Surgery,"['ngoại khoa', 'phẫu thuật', 'khoa phẫu thuật', 'phòng khám bệnh', 'cuộc giải phẫu', 'mổ', 'sự mổ', 'giải phẩu', 'giờ khám bệnh', 'phòng mạch', 'phòng mổ', 'sự mổ xẻ', 'việc mổ xẻ', 'Ngoại khoa']"
Ngoc Lau Vice Million,['cannot found']
Ngoc Tieu,['cannot found']
Dong Ho pen,['cannot found']
Ngo Be,['cannot found']
Cruel corn Maize,['cannot found']
Ngo Khoi,['cannot found']
Sitting in gentle spring breeze,['cannot found']
Pearl multiples,['cannot found']
Ngoc Duong,['cannot found']
Ngoc Hoan,['cannot found']
Ngoc Kiem,['cannot found']
Ngoc Lien,['cannot found']
Five Bas,['cannot found']
Five Elements,['cannot found']
Five Tigers,['cannot found']
Five lakes,['cannot found']
Ngu Lang,['cannot found']
First Five Willows,['cannot found']
Five Dragons Princess,['cannot found']
Five Cinnamon,['cannot found']
Five Quarters,['cannot found']
Pen of Five Colors,['cannot found']
Ngu Tu Tu,['cannot found']
Five Thuong,['cannot found']
Five Vien,['cannot found']
Five tablets,['cannot found']
Niu Lang,['cannot found']
Original,"['nguyên bản', 'độc đáo', 'gốc', 'đầu tiên', 'bản gốc', 'bản lai', 'chính gốc', 'căn nguyên', 'nguyên bản chính', 'nguyên thủy', 'nguyên văn', 'người lập dị', 'người độc đáo', 'ban đầu', 'chính bản', 'nguyên tác', 'thực', 'thật', 'tieng viet']"
Nguyen Ha,['cannot found']
Nguyen Chan,['cannot found']
Nguyen Khanh,['cannot found']
Nguyen Luong,['cannot found']
Marshal of west,['cannot found']
Nguyen Tai,['cannot found']
Nguyen Thuy Thien Ton,['cannot found']
Nguyen Trung,['cannot found']
Nguyen Binh Khiem,['cannot found']
Hymen,['cannot found']
Fisherman's family,['cannot found']
Fisherman y Tong Kim Giam,['cannot found']
Lake Horse,['cannot found']
Horses through window,['cannot found']
people worship king,['cannot found']
Tuong River Beauty,['cannot found']
enemy resists rowing,['cannot found']
Crying statue,['cannot found']
Lice seeker,['cannot found']
Doorman,['cannot found']
dead person,['cannot found']
Ni Thuong,['cannot found']
skepticism,['cannot found']
ancestor of Khoai Chau,['cannot found']
Father of Nanchang,['cannot found']
Nghiem Chau,['cannot found']
Nghiem Lang,['cannot found']
Nghiem Nhan,['cannot found']
Nghiem Quang,['cannot found']
Yao Shun,['cannot found']
Golden House,['cannot found']
Musical Thunder,['cannot found']
Music,['cannot found']
Nhan Hoi,['cannot found']
Nhan Tu,['cannot found']
Nhan Uyen,['cannot found']
Masterpiece,['cannot found']
Nhi Bach,['cannot found']
Twenty four filial piety,['cannot found']
Miss baker,['cannot found']
Nhon Quy,['cannot found']
"As you wish, Van Quan",['cannot found']
Wow Niu,['cannot found']
Oh MNhi,['cannot found']
Hug tree and wait for rabbit,['cannot found']
Wen Cong,['cannot found']
On Kieu,['cannot found']
Mr. Doan evades guests,['cannot found']
Pham Loi,['cannot found']
Judge Tan Vien Temple,['cannot found']
"Section, Du",['cannot found']
Old Section,['cannot found']
Hair and skin part,['cannot found']
BuddhDo Cheng,['cannot found']
Buddha's Name of Korean Family,['cannot found']
Fo Xishan,['cannot found']
Phi Lai Giang,['cannot found']
Phi Liem,['cannot found']
Room Fees,['cannot found']
Sample Voucher,['cannot found']
History of Love,['cannot found']
Deputy Duyet,['cannot found']
"Phong, Bai",['cannot found']
Phong Dinh,['cannot found']
windfall,['cannot found']
Phong Trac,['cannot found']
Feng shui,['cannot found']
Phu Bon,['cannot found']
Phu Viet,['cannot found']
Fu Jiao Tzu,['cannot found']
Phu Lai Son,['cannot found']
Phu Tang,['cannot found']
Phuc Thanh,['cannot found']
Fuxi,['cannot found']
Phung So,['cannot found']
Phung Thien,['cannot found']
Banner of Tang Dynasty,['cannot found']
Phuong Cao picks up horses,['cannot found']
Bed-carrying monster,['cannot found']
Quan HBach Nhi,['cannot found']
Galloper,"['ngựa phi nước đại', 'pháo nhẹ', 'quan hầu']"
So school office,['cannot found']
Guan Yu,['cannot found']
Cao Duong Restaurant,['cannot found']
Quan Van,['cannot found']
Management,"['Ban quản lý', 'sự khéo xử', 'sự khôn khéo', 'sự quản lý', 'sự trông nom', 'sự điều khiển', 'sự quản lí', 'việc quản lý', 'Quản lý', 'quản lý', 'söï quaûn lyù, troâng nom, ñieàu khieån']"
Guan Ning,['cannot found']
Quang Khanh (Pagoda),['cannot found']
Quang Vo doubts old general,['cannot found']
Warm and cold fan,['cannot found']
Throw shuttle,['cannot found']
ultimate warrior,['cannot found']
Military Shao,['cannot found']
Pearl Pants,['cannot found']
Cinnamon Bow,['cannot found']
Cinnamon,"['quế', 'cây quế', 'nâu', 'de', 'Chi Quế', 'màu nâu vàng', 'nâu vàng', 'vàng', 'màu', 'Quế quan']"
Young Cinnamon Yen,['cannot found']
Future past,['cannot found']
Dear Eagle,['cannot found']
Devil Coc Tu,['cannot found']
Han Snake,['cannot found']
"Hoang Viet ax, Bach Mao flag",['cannot found']
Dragon Phung Kinh Chau,['cannot found']
Lac Hau field,['cannot found']
Field of love,['cannot found']
Broken intestines,['cannot found']
Hong Mon Wine,['cannot found']
STac (port),['cannot found']
Books of Literature,['cannot found']
Beautiful girl,['cannot found']
Sai Thuan,['cannot found']
Sai Son (Pagoda),['cannot found']
Sao Do,['cannot found']
Sao Phu,['cannot found']
Phong Stadium,['cannot found']
Courtyard,"['sân', 'sân nhỏ', 'sân trong', 'Udvar']"
Golden River two matches,['cannot found']
Department of Kings,['cannot found']
Sonh Phuong,['cannot found']
Six holidays,['cannot found']
Six Paths of Reincarnation,['cannot found']
Deer hunting,['cannot found']
Lai Stadium,['cannot found']
Summer Court,['cannot found']
Golden Lotus,['cannot found']
Graceful,"['duyên dáng', 'yêu kiều', 'kiều diễm', 'phong nhã', 'có duyên', 'dịu dàng', 'thanh nhã', 'yểu điệu', 'tao nhã', 'trang nhã', 'xinh đẹp']"
Si Tri,['cannot found']
Song of road,['cannot found']
Pisces (mountain),['cannot found']
Song Tuy wins Han Cao,['cannot found']
Department of Lieu,['cannot found']
Prime Minister Son Trung,['cannot found']
Styx,"['Styx', 'Sông Styx']"
Master Hung,['cannot found']
Mineral Master,['cannot found']
Monk,"['thầy tu', 'tu sĩ', 'thầy tăng', 'nhà sư', 'nhà tu', 'thầy dòng', 'tăng', 'Tu sĩ']"
Lion,"['Sư tử', 'con sư tử', 'cung Sư tử', 'cảnh lạ', 'người có tiếng', 'người gan dạ', 'người nổi danh', 'người tai mắt', 'quốc huy nước Anh', 'vật hiếm', 'vật lạ', 'vật quý', 'sư']"
Roaring lion,['cannot found']
Green history,['cannot found']
Fix hat under peach,['cannot found']
Horse horn scheduled appointment,['cannot found']
Sy Nguyen,['cannot found']
Sy Hanh,['cannot found']
TAn,"['thuộc', 'màu nâu', 'màu rám nắng', 'làm rám', 'làm sạm', 'màu da rám nắng', 'màu vỏ dà', 'rám nắng', 'sạn lại', 'thuộc được', 'vỏ dà', 'vỏ thuộc da', 'đánh đòn đau', 'làm rám nắng', 'làn da rám nắng', 'màu nâu vàng', 'đàm', 'Nâu tanin']"
Wealth of Cauldrons,['cannot found']
Tai cum eight matches,['cannot found']
Fate hates each other,['cannot found']
Three Peng,['cannot found']
three island,['cannot found']
Tam Diep,['cannot found']
Three Teachings of Eternal Life,['cannot found']
Tam Ky Giang,['cannot found']
Tam Ngo,['cannot found']
Tam Phu,['cannot found']
Tam Tong,['cannot found']
Tam Thi,['cannot found']
Eight thousand Spring and Autumn,['cannot found']
Eighty-four,['cannot found']
I am mourning,['cannot found']
Tao Khang,['cannot found']
Cao Bin,['cannot found']
Cao Cao,['cannot found']
Cao Nga,['cannot found']
TAn,"['thuộc', 'màu nâu', 'màu rám nắng', 'làm rám', 'làm sạm', 'màu da rám nắng', 'màu vỏ dà', 'rám nắng', 'sạn lại', 'thuộc được', 'vỏ dà', 'vỏ thuộc da', 'đánh đòn đau', 'làm rám nắng', 'làn da rám nắng', 'màu nâu vàng', 'đàm', 'Nâu tanin']"
Cao Cao's benefactor,['cannot found']
Cao Thu,['cannot found']
Increase Pisces,['cannot found']
Sang Sam,['cannot found']
Tam Duong Giang,['cannot found']
Eight Battles of New World,['cannot found']
New King,['cannot found']
Qin,['Tần']
"Qin woman, Yen Co",['cannot found']
West Lake,['cannot found']
Tay Thi,['cannot found']
Western Queen Mother,['cannot found']
Ji Hou fell off car,['cannot found']
Te Lieu,['cannot found']
Qi people,['cannot found']
Monkey King,['cannot found']
Tien Khanh,['cannot found']
Tien Phuc,['cannot found']
Pre-causal consequences,['cannot found']
Voice of Mutual Shore,['cannot found']
Crane Language,['cannot found']
Continuity,"['kịch bản điện ảnh', 'sự liên tục', 'tính liên tục', 'liên tục', 'sự liên tiếp']"
Xuet Dao,['cannot found']
Xiao Yan,['cannot found']
Spend room,['cannot found']
Consumption,"['Sự tiêu dùng', 'Tiêu dùng', 'sự tiêu huỷ', 'sự tiêu thụ', 'sự tàn phá', 'tiêu thụ', 'lao', 'Tiêu dùng', 'ho lao', 'lao phổi', 'tiêu dùng']"
Xiao Suong,['cannot found']
Xiao Xiang,['cannot found']
Little Lan,['cannot found']
Little Man,['cannot found']
Sub-signature,['cannot found']
Woodcutter of Mount Na,['cannot found']
Find incense,['cannot found']
Fish news,['cannot found']
Newsletter,['bản tin']
Mist news,['cannot found']
Spring news,['cannot found']
Crystal Expression,['cannot found']
Crystal lights,['cannot found']
Fire Spirit,['cannot found']
Satellites,['cannot found']
Wagon,"['xe', 'xe bò', 'xe ngựa', 'máy bay', 'toa trần', 'xe goòng', 'xe trẻ con']"
Tong Phu,['cannot found']
To Dong Pha,['cannot found']
To Thuc,['cannot found']
To Vu,['cannot found']
To Nga,['cannot found']
Enemy Team,['cannot found']
Respect,"['kính trọng', 'tôn trọng', 'sự kính trọng', 'kính', 'sự lưu tâm', 'nể', 'điểm', 'bề', 'chú ý', 'kiêng nể', 'lưu tâm', 'lời kính thăm', 'mối liên quan', 'mối quan hệ', 'phương diện', 'sự chú ý', 'sự tôn trọng', 'trân trọng', 'tôn', 'khía cạnh', 'tôn kính']"
Ton Khang,['cannot found']
Sun Tan,['cannot found']
Sun Wu,['cannot found']
Tong,['cannot found']
Tong Ngoc,['cannot found']
Tu Real,['cannot found']
Obeying Situations,['cannot found']
Tuan Khanh,['cannot found']
Tuan San,['cannot found']
Custom of Destiny,['cannot found']
Roaring,"['nhộn nhịp', 'náo nhiệt', 'om sòm', 'rất tốt', 'sôi nổi', 'thịnh vượng', 'tiếng gầm', 'tiếng la hét', 'tiếng nổ đùng đùng', 'tiếng thở khò khè', 'tiếng ầm ầm', 'ầm ĩ', 'ầm ầm']"
Xiang Ha,['cannot found']
Daoist Tung Tuyet,['cannot found']
Song Tzu,['cannot found']
Age of Crane,['cannot found']
Tuy Thuy,['cannot found']
Tuyen Nghia,['cannot found']
Radio station,['cannot found']
Si Chau,['cannot found']
SimPhuong Cau,['cannot found']
SimGuang,['cannot found']
SimSame As,['cannot found']
"- People of Han Dynasty, famous for good poetry. ",['cannot found']
Simao,['cannot found']
Four Faculty,['cannot found']
Four tri,['cannot found']
Death,"['tử thần', '死神', 'thần chết', '死神', 'bị giết chết', 'thần chết', 'tử thần', 'tử vong', 'tử', 'đừ', 'bỏ mẹ', 'chí chết', 'chí tử', 'chết xác', 'sự chấm dứt', 'sự kết liễu', 'sự tan vỡ', 'sự tiêu tan']"
Death Co,['cannot found']
Death Cu,['cannot found']
Death,"['tử thần', '死神', 'thần chết', '死神', 'bị giết chết', 'thần chết', 'tử thần', 'tử vong', 'tử', 'đừ', 'bỏ mẹ', 'chí chết', 'chí tử', 'chết xác', 'sự chấm dứt', 'sự kết liễu', 'sự tan vỡ', 'sự tiêu tan']"
Tzu Xia,['cannot found']
Zi Jian,['cannot found']
Tzu Kieu,['cannot found']
Death Glass,['cannot found']
Death Shield,['cannot found']
Zi Lang,['cannot found']
Zi Chu,['cannot found']
Tu Lo,['cannot found']
Ovary,"['buồng trứng', 'bầu', 'Buồng trứng', 'buoàng tröùng']"
Deadly,"['chí tử', 'hết sức', 'như chết', 'vô cùng', 'bất cộng đái thiên', 'chí mạng', 'chết chóc', 'chết người', 'cực kỳ', 'làm chết người', 'sự chết chóc', 'trí mạng', 'rất']"
Death Cui,['cannot found']
Death School,['cannot found']
Tu Uyen,['cannot found']
Tu Van burned temple,['cannot found']
From Africa,['cannot found']
Words of Consciousness,['cannot found']
Similar to,['cannot found']
General Hu,['cannot found']
Billion Wings,['cannot found']
Family Lady,['cannot found']
Sugar Jelly,['cannot found']
Geckos,['cannot found']
Thach Tan,['cannot found']
Thach That,['cannot found']
Thai Bach Kim Tinh,['cannot found']
Grand Duke,['cannot found']
Thai Chan,['cannot found']
Thai Chau,['cannot found']
Thai Hoa,['cannot found']
Thai model,['cannot found']
Thai Tan chi,['cannot found']
Lamentation,"['sự than khóc', 'lời than van']"
Thanh Chien,['cannot found']
Candlesticks,['cannot found']
Thanh Van,['cannot found']
Saintess (temple),['cannot found']
Thang Cong,['cannot found']
Thanh Hloves you,['cannot found']
Boyfriend,"['bạn trai', 'người yêu']"
Thai Su Ba,['cannot found']
Ten forms of immortals,['cannot found']
Tactics,"['chiến thuật', 'sách lược', 'mẹo', '戰術', '策略']"
Swallow tower,['cannot found']
Debt car guy,['cannot found']
Shen Chi,['cannot found']
Death Cui,['cannot found']
God of Witchcraft,['cannot found']
Immortal Dance God,['cannot found']
Than Huy,['cannot found']
"Ten whole, eight flavors",['cannot found']
Lost,"['Mất tích', 'thua', 'bại', 'bị lu mờ', 'bị thất lạc', 'bỏ lỡ', 'bỏ phí', 'bỏ qua', 'bỏ uổng', 'chìm đắm', 'chậm', 'di hại', 'không thấy nữa', 'làm hư', 'làm hại', 'làm mất', 'lãng phí', 'lạc', 'lạc lõng', 'lạc mất', 'mất hay', 'mất hút', 'mất không còn nữa', 'mất ý nghĩa', 'say sưa', 'thúc thủ', 'thất lạc', 'thất truyền', 'triền miên', 'uổng phí', 'đã mất']"
Dragon card,['cannot found']
Dan,['đẳng']
Thi Toan,['cannot found']
Thi Than,['cannot found']
Sakyamuni,['cannot found']
Like Co,['cannot found']
Tian Han,['cannot found']
Thien Hau,['cannot found']
Heaven of all things,['cannot found']
Thien Khanh,['cannot found']
Celestial Demon,['cannot found']
Thien Phai,['cannot found']
natural paints,['cannot found']
Thien Thai,['cannot found']
Thien Vuc (river),['cannot found']
Thien Van,['cannot found']
Lan Dinh,['cannot found']
Shao Lang,['cannot found']
Cold rabbit,['cannot found']
Tho Duong,['cannot found']
Longevity is preserved,['cannot found']
Trinh's habits,['cannot found']
Quit Giao,['cannot found']
Let's Quit,['cannot found']
Stop Storing,['cannot found']
Cui Truong,['cannot found']
Cui Truong,['cannot found']
Rotten Chi,['cannot found']
Yangshan Animals,['cannot found']
Lady Thu Thien,['cannot found']
Lifespan,['tuổi thọ']
Pure Vuc,['cannot found']
Thuc Hoanh,['cannot found']
Thuc Kiem,['cannot found']
Good luck!,['cannot found']
Thuc Tu,['cannot found']
Dragon Eye Potion,['cannot found']
Water Margin,['cannot found']
most colorful aquatic,['cannot found']
Thuy Tien (dress),['cannot found']
Thuy Hien,['cannot found']
Thursday,"['thứ năm', 'ngày thứ năm', 'thứ Năm', 'Thứ Năm']"
Test Master,['cannot found']
ThuTu,['cannot found']
Love,"['Tình yêu', 'cưng', 'không', 'ái tình', 'lãng mạn', 'mối tình', 'thương', 'Hàn Quốc', 'Hồng Đoan', 'hóa đá', 'người', 'sự yêu thích', 'trái tim', 'trái tim hóa đá', 'tình', 'yêu thích', 'yêu thương, mến, tình yêu', 'Đồng Tháp', 'thích', 'vật đáng yêu', 'mến', 'mợ', 'bể ái', 'bố già', 'diễm tình', 'luyến ái', 'lòng yêu', 'người tình', 'người đáng yêu', 'thần ái tình', 'tình thương', 'yêu mến', 'yêu đương', 'ưa thích', 'luyến', 'say mê', 'tiếng Thái Lan']"
Return flange,['cannot found']
Pay Chau,['cannot found']
Chuang Tzu,['cannot found']
Trang Khanh,['cannot found']
Poinsettiof surname Luong,['cannot found']
status quo of NghiBang village,['cannot found']
Crane Painting,['cannot found']
Give silk,['cannot found']
Lost agarwood,['cannot found']
Tran Quoc (Pagoda),['cannot found']
Tran Binh,['cannot found']
Tran Doan,['cannot found']
Ceiling Ceiling,['cannot found']
Page of Accumulation,['cannot found']
On top of strawberry,['cannot found']
"Tri sound, tri technique",['cannot found']
Tri Ngoc,['cannot found']
Tri Medicine,['cannot found']
Tri Cung,['cannot found']
Zhao Zi broke Duong Duong ring,['cannot found']
Trieu Tiet,['cannot found']
Thieu Thang,['cannot found']
Trieu Tho,['cannot found']
Purple Dragon,['cannot found']
Trieu Van,['cannot found']
Trieu Viet,['cannot found']
In snow bring coal,['cannot found']
Trong Do,['cannot found']
Trong Thu,['cannot found']
Tru Di of Three Tribes,['cannot found']
Truc Bach,['cannot found']
Truc Lam is not gentle,['cannot found']
Trung Ngan,['cannot found']
Coincidence,"['trùng', 'sự trùng', 'sự trùng hợp', 'sự trùng hợp ngẫu nhiên', 'sự trùng khớp', 'sự trùng nhau', 'sự tình cờ', 'trùng hợp']"
Chongyang,['cannot found']
Truss Lu,['cannot found']
Truyen Dang (mountain),['cannot found']
Truong Gioc,['cannot found']
Zhang Han,['cannot found']
Truong Hoa,['cannot found']
Truong Luong,['cannot found']
Zhang Fei,['cannot found']
Truong Tuan,['cannot found']
Lobster,"['tôm hùm', 'tôm rồng', 'đi bắt tôm hùm']"
Truong Huynh,['cannot found']
Sand School,['cannot found']
Truong Duong,['cannot found']
Truong Lang (Port),['cannot found']
Truong Khanh,['cannot found']
Longevity,"['sống lâu', 'tuổi thọ', 'sự sống lâu', 'sự trường thọ', 'Tuổi thọ người', 'tuổi thọ người']"
Queen of Heaven,['cannot found']
"U, Le",['cannot found']
Uyen Minh,['cannot found']
Wall of Cinnamon,['cannot found']
Ten thousand diseases in spring,['cannot found']
Van Quan,['cannot found']
Van Thien Tuong,['cannot found']
Van Vu,['cannot found']
Van Vuong,['cannot found']
Van Don,['cannot found']
Yun Han,['cannot found']
Van route,['cannot found']
Van dream,['cannot found']
Yunnan Vuong,['cannot found']
Umbrella,"['dù', 'ô', 'cái ô', 'lọng', 'cái dù', 'cây dù', 'lưới đạn che', 'màn yểm hộ', 'sự bảo vệ', 'Ô', 'tàn']"
Waving sun back,['cannot found']
Draw Witches,['cannot found']
Guard World,['cannot found']
Ve Thanh,['cannot found']
Wei Trung,['cannot found']
ViMai,['cannot found']
Vien Mon,['cannot found']
Tablets,['cannot found']
Write Zhou's book of Han,['cannot found']
Viet Nhan,['cannot found']
Hope,"['hy vọng', '希望', 'mong', 'nguồn hy vọng', 'hi vọng', 'hoài báo', 'mầm non', 'niềm hy vọng', 'tưởng vọng', 'vọng', 'hơi', 'ước mong']"
Vo Hau,['cannot found']
No Ky,['cannot found']
Vu Huu,['cannot found']
Vu Lien,['cannot found']
Wuhou,['cannot found']
Vu Hau Earth,['cannot found']
Vu Huyet,['cannot found']
Vu Mon,['cannot found']
Princess Vu,['cannot found']
Vu Quynh,['cannot found']
Vu Vuong,['cannot found']
Palsgrave,['lãnh chúa']
Wang Bang,['cannot found']
Vuong Bao chanted,['cannot found']
Vuong Cong Kien,['cannot found']
Vuong Chat,['cannot found']
Vuong Duy,['cannot found']
King Dao,['cannot found']
King Ho,['cannot found']
King Hu,['cannot found']
Wang Lang,['cannot found']
Wang Meng,['cannot found']
Wang Xiang,['cannot found']
Vuong Thong,['cannot found']
Wei Sheng hugs tree,['cannot found']
Far away,['cannot found']
Far away from mail,['cannot found']
Motorcycles,['cannot found']
Red Bich,['cannot found']
Chain Hole,['cannot found']
Sin Phuong,['cannot found']
Xuan Duong,['cannot found']
Port scratch,['cannot found']
Xuong Giang,['cannot found']
Bone Le,['cannot found']
Y Doan,['cannot found']
Introductory Medicine,['cannot found']
Yen Chu,['cannot found']
Yen Tu,['cannot found']
Love Ly,['cannot found']
3 complete,['cannot found']
second place,['cannot found']
Ms. Lee,['cannot found']
Who serves who?,['cannot found']
Van,"['xe tải', 'đãi', 'cánh chim', 'máy quạt thóc', 'những người lãnh đạo', 'quân tiên phong', 'tiền đội', 'xe hành lý', 'địa vị hàng đầu']"
sound gong,['cannot found']
negative and positive feedback,['cannot found']
sound,"['âm thanh', 'âm', 'tiếng', 'khôn', 'đúng đắn', '音', 'lành mạnh', 'thăm dò', 'tráng kiện', '音聲', 'vẻ', 'giọng', 'kêu', 'dò', 'ngon', 'có cơ sở', 'khoẻ mạnh', 'lành lặn', 'tiếng động', 'yên giấc', 'thanh', 'Nghe có vẻ như', 'chắc chắn', 'có căn cứ', 'vững', 'thổi', 'vần', 'báo', 'đánh', 'bóp', 'đọc', 'hụ', 'sâu', 'lôgic', 'bong bóng cá', 'báo hiệu', 'bóp còi', 'cái thông', 'dò bằng ống thông', 'eo biển', 'gõ để kiểm tra', 'gõ để nghe bệnh', 'hợp lý', 'không giập thối', 'không hỏng', 'khỏe mạnh', 'kêu vang', 'làm cho kêu', 'lặn xuống đáy', 'nghe có vẻ', 'nghe như', 'ngon lành', 'nên thân', 'ra trò', 'thẳng giấc', 'vang tiếng', 'vững chãi', 'đến nơi đến chốn', 'ấn tượng', 'lời', 'hợp lí', 'đầy đủ']"
sound,"['âm thanh', 'âm', 'tiếng', 'khôn', 'đúng đắn', '音', 'lành mạnh', 'thăm dò', 'tráng kiện', '音聲', 'vẻ', 'giọng', 'kêu', 'dò', 'ngon', 'có cơ sở', 'khoẻ mạnh', 'lành lặn', 'tiếng động', 'yên giấc', 'thanh', 'Nghe có vẻ như', 'chắc chắn', 'có căn cứ', 'vững', 'thổi', 'vần', 'báo', 'đánh', 'bóp', 'đọc', 'hụ', 'sâu', 'lôgic', 'bong bóng cá', 'báo hiệu', 'bóp còi', 'cái thông', 'dò bằng ống thông', 'eo biển', 'gõ để kiểm tra', 'gõ để nghe bệnh', 'hợp lý', 'không giập thối', 'không hỏng', 'khỏe mạnh', 'kêu vang', 'làm cho kêu', 'lặn xuống đáy', 'nghe có vẻ', 'nghe như', 'ngon lành', 'nên thân', 'ra trò', 'thẳng giấc', 'vang tiếng', 'vững chãi', 'đến nơi đến chốn', 'ấn tượng', 'lời', 'hợp lí', 'đầy đủ']"
Yin Qi,['cannot found']
warm and cold,['cannot found']
cloudy,"['có mây', 'vẩn đục', 'mây', 'mây mù', 'đục', 'vẩn', 'buồn bã', 'có mây phủ', 'không rõ ràng', 'không sáng tỏ', 'tối nghĩa', 'u buồn', 'u ám', 'đầy mây']"
cloudy,"['có mây', 'vẩn đục', 'mây', 'mây mù', 'đục', 'vẩn', 'buồn bã', 'có mây phủ', 'không rõ ràng', 'không sáng tỏ', 'tối nghĩa', 'u buồn', 'u ám', 'đầy mây']"
sound wind,['cannot found']
An Bien,['cannot found']
security,['cannot found']
grace,['cannot found']
grace,['cannot found']
Teacher gifts,['cannot found']
collusion sentence,['cannot found']
press,"['ép', 'báo chí', 'ấn', 'bóp', 'nhấn', 'máy ép', 'nhấn mạnh', 'thúc giục', 'bấm', 'máy in', 'thúc bách', 'thúc ép', 'đè nặng', 'đè', 'giới báo chí', 'là phẳng', 'sư ép', 'hối', 'lấy', 'là', 'nép', 'gí', 'báo giới', 'bóp chặt', 'chen lấn', 'cuộc hỗn chiến', 'cuộc loạn đả', 'cái ép', 'dồn ép', 'ghì chặt', 'giục giã', 'hối hả', 'khẩn hoản', 'máy nén bàn là', 'nhà máy in', 'nài ép', 'quây chặt lấy', 'siết chặt', 'sự bóp', 'sự bắt lính', 'sự chen chúc', 'sự căng hết', 'sự hối hả', 'sự in', 'sự nén', 'sự thúc ép', 'sự tất bật', 'sự ép', 'sự đông đúc', 'sự ấn', 'thuật in', 'trưng dụng', 'túm tụm', 'tước đoạt', 'tất bật', 'tủ đóng vào tường', 'tủ đứng nhiều ngăn', 'vội vã', 'xúm xít', 'ép chặt', 'ôm chặt', 'đám đông chen chúc', 'đám đông xô lấn', 'ủi', 'nén chặt']"
hero,"['anh hùng', '英雄', 'nhân vật nam chính', 'vị anh hùng', 'anh dũng', 'dũng cảm', 'gan dạ', 'hùng', 'hào kiệt', 'người anh hùng', 'Anh hùng', 'anh hùng dân tộc']"
clothes like wedges,['cannot found']
just shirt,['cannot found']
blue shirt,['cannot found']
blue shirt,['cannot found']
